diagonal,height_left,height_right,margin_low,margin_up,length,is_genuine,id,proba_genuine
172.09,103.95,103.73,4.39,3.09,113.19,True,B_1,0.9571491726079504
171.52,104.17,104.03,5.27,3.16,111.82,False,B_2,0.06085683758389751
171.78,103.8,103.75,3.81,3.24,113.39,True,B_3,0.9941870179193619
172.02,104.08,103.99,5.57,3.3,111.1,False,B_4,0.004134208389228145
171.79,104.34,104.37,5.0,3.07,111.87,False,B_5,0.09278854624231513
